–¼‘O,ƒAƒhƒŒƒX,”N—î
‹g–ì —L‹NÆ,yoshino_yukiya@example.com,59
X’J ³•q,moriya_masatoshi@example.com,71
•½‰ª —z‰î,hiraoka_yousuke@example.com,71
”’’¹ ˆê‘ã,shiratori_kazuyo@example.com,28
‹e“c ”üç,kikuta_misaki@example.com,80
‘O–ì ‚½‚Ü‚«,maeno_tamaki@example.com,45
ˆÀ ˆç“ñ,yasu_ikuji@example.com,48
O‰Y ƒmƒuƒqƒR,miura_nobuhiko@example.com,78
¬–ì“c —R‰F,onoda_yuu@example.com,54
ˆé•” –F³,isobe_yoshimasa@example.com,77
’|“à ‚Ü‚È‚İ,takeuchi_manami@example.com,59
X‰i u,morinaga_shun@example.com,31
¬º •Ä‘ ,komuro_yonezou@example.com,45
–¾Î Li,akashi_kouji@example.com,68
[‘ò ‚½‚Ü‚«,fukazawa_tamaki@example.com,61
”~‘ò “w,umezawa_tsutomu@example.com,74
‚”¨ m,takahata_jin@example.com,47
ì‡ —´‹g,kawai_ryuukichi@example.com,39
Ä“c ‰ÄŠó,shibata_natsuki@example.com,44
“n•Ó •q–ç,watanabe_toshiya@example.com,26
’·“‡ õ–¾,nagashima_toshiaki@example.com,42
“c’[ “Ş‰›,tabata_nao@example.com,59
‰Pˆä °b,usui_haruomi@example.com,23
™–ì “Ö,sugino_atsushi@example.com,48
”nê ‚©‚¨‚è,baba_kaori@example.com,68
¼Œ´ —m,nishihara_you@example.com,60
‘ˆä ˆ©,masui_akane@example.com,76
rì “w,arakawa_tsutomu@example.com,29
•‘ò F‘¾˜Y,kurosawa_koutarou@example.com,39
—é–Ø —Áq,suzuki_ryouko@example.com,38
‘å’| ‘å÷,ootake_hiroki@example.com,41
•Ÿ‰ª ‰Øq,fukuoka_hanako@example.com,74
‹àŠÛ D,kanamaru_shiori@example.com,20
ŠÛ“c —“Şq,maruta_rinako@example.com,63
‘º–Ø ƒRƒE,muraki_kou@example.com,74
“‡‘º ˆ¤Ø,shimamura_aina@example.com,31
Šp Œ’,sumi_ken@example.com,80
—é–Ø ‹M”üq,suzuki_kimiko@example.com,37
Šâ•£ ”üç,iwabuchi_misaki@example.com,56
é“c Œiq,shirota_keiko@example.com,53
—§Î ‚j,tachiishi_takashi@example.com,73
¼–{ —´‹g,matsumoto_ryuukichi@example.com,24
¼ì ‰ÄŠó,nishikawa_natsuki@example.com,37
‘“ˆä ç‰Àq,aoi_chikako@example.com,52
¡“c m»,imada_hiroaki@example.com,74
‘å’Ë —¢•ä,ootsuka_riho@example.com,62
¬‹{ ƒƒCƒT,komiya_meisa@example.com,27
–¾Î‰Æ ’j,akashiya_takashi@example.com,59
’ß‰ª –¾,tsuruoka_akira@example.com,25
”öè ‚ ‚«,ozaki_aki@example.com,36
